{
    "loss": 0.16227802634239197,
    "accuracy": 0.9482758641242981
}