{
    "loss": 0.3367807865142822,
    "accuracy": 0.8965517282485962
}