{
    "loss": 0.16305576264858246,
    "accuracy": 0.9568965435028076
}