{
    "loss": 0.2039494514465332,
    "accuracy": 0.9396551847457886
}